post_id,job_title,job_listed,salary,job_deadline,company_name,job_address,job_experience_requied,employment_type,job_function,education_level,gender,Industries,job_description,skill
2733590,GẤP - CHUYÊN VIÊN PHÁP CHẾ HÀNH CHÍNH (ĐÀ NẴNG),16-12-2023,Thương lượng,30 Ngày tới,CÔNG TY CỔ PHẦN SBAY VIỆT NAM,Đà Nẵng,2 - 5 năm kinh nghiệm,Nhân viên toàn thời gian,Nhân viên,Cử nhân,Nam / Nữ,"Thư ký / Hành chánh, Pháp lý / Luật","- VP Đà Nẵng: 03 Đinh Thị Hoà, Phường An Hải Bắc, Quận Hải Châu, Tp Đà Nẵng, - Soạn thảo, xem xét, và thực hiện các hợp đồng: Các hợp đồng có thể bao gồm những thỏa thuận với nhà cung cấp, hợp đồng dịch vụ với khách hàng, hoặc thỏa thuận với các đối tác kinh doanh khác. Nhân viên pháp chế cần đảm bảo rằng các hợp đồng này tuân thủ quy định pháp luật và phù hợp với lợi ích của công ty., - Tư vấn về các quy định pháp luật: Điều này bao gồm việc giải thích các quy định về quản lý du lịch, khách sạn và dịch vụ vé máy bay, cũng như tư vấn về các vấn đề pháp lý mà doanh nghiệp có thể gặp phải., - Giải quyết tranh chấp và khiếu nại: Tranh chấp có thể xảy ra giữa công ty và khách hàng, nhà cung cấp, hoặc giữa các nhân viên. Nhân viên pháp chế phải xử lý những tình huống này một cách công bằng và tuân thủ quy định pháp luật., - Đảm bảo tuân thủ các quy định về an toàn và bảo mật: Điều này có thể bao gồm việc đảm bảo rằng doanh nghiệp tuân thủ các quy định về an toàn cháy nổ, an ninh thông tin, và quyền riêng tư của khách hàng., - Thực hiện nghiên cứu và phân tích pháp lý: Điều này bao gồm việc nghiên cứu các văn bản luật, phân tích các vụ kiện pháp lý liên quan, và giữ cho công ty cập nhật về các thay đổi trong luật pháp;, - Đại diện cho doanh nghiệp trong các vấn đề pháp lý: Nhân viên pháp chế có thể phải đại diện cho công ty trong các cuộc đàm phán, tranh chấp, hoặc các vụ kiện tại tòa án., - Hỗ trợ các hoạt động nhân sự tuyển dụng;, - Các công việc hành chính chấm công tính lương khác;","- Có kinh nghiệm làm ở vị trí liên quan, - Cẩn thận, tỉ mỉ, có khả năng làm việc độc lập và làm việc nhóm tốt., - Kỹ năng giao tiếp và giải quyết vấn đề tốt."
2733598,Nhân Viên Tư Vấn Bán Hàng [Ea Hleo - Đắk Lắk],16-12-2023,5 triệu - 9 triệu,30 Ngày tới,Công Ty Cổ Phần Bán Lẻ Kỹ Thuật Số FPT,Đắk Lắk,0 - 1 năm kinh nghiệm,Nhân viên toàn thời gian,Nhân viên,Trung học phổ thông,Nam / Nữ,"Tư vấn, Bán hàng / Kinh doanh, Bán lẻ / Bán sỉ","- Chủ động đón tiếp khách hàng đến với của hàng., - Vui vẻ giao tiếp, trao đổi với khách hàng về mong đợi đối với các sản phẩm và dịch vụ đang tìm kiếm tại cửa hàng., - Thực hiện việc giải quyết khiếu nại và các thắc mắc của khách hàng., - Thực hiện chỉ tiêu doanh số hàng tháng được giao., - Lưu ý: Thời gian làm việc: Ca xoay (Ca 1: 8h00 – 15h00/ Ca 2: 15h00 – 22h00)., - Làm việc tại công ty hàng đầu Việt Nam, lộ trình thăng tiến rõ ràng, luôn không ngừng phát triển cùng với sự lớn mạnh không ngừng của công ty., - Lương tháng 13 và thưởng theo hiệu quả KPI hàng quý và cuối năm., - Chế độ đào tạo theo chính sách công ty và yêu cầu công việc., - Làm việc trong môi trường trẻ chuyên nghiệp, năng động và thân thiện., - Tham gia đầy đủ các chế độ BHYT, BHXH, BHTN., - Khám sức khỏe định kỳ hàng năm., - Thường xuyên tổ chức các chương trình hội thao, hội diễn văn nghệ, tân niên/ tất niên, các hoạt động phong trào văn hóa đoàn thể..., - Điều chỉnh lương hàng năm theo kết quả đánh giá năng lực.","- Nam/Nữ, tuổi từ 18 – 28., - Tốt nghiệp THPT trở lên., - Ngoại hình ưa nhìn., - Giọng nói rõ ràng, dễ nghe., - Vui vẻ, nhiệt tình, thân thiện., - Yêu thích công việc tư vấn, bán hàng."
2733584,TRƯỞNG PHÒNG IT (LÀM VIỆC TẠI ĐÀ NẴNG),16-12-2023,Thương lượng,30 Ngày tới,CÔNG TY CỔ PHẦN SBAY VIỆT NAM,Đà Nẵng,2 - 5 năm kinh nghiệm,Nhân viên toàn thời gian,Quản lý / Trưởng phòng,Cử nhân,Nam / Nữ,"CNTT - Phần mềm, CNTT - Phần cứng / Mạng","- VP Đà Nẵng: 03 Đinh Thị Hoà, Phường An Hải Bắc, Quận Hải Châu, Tp Đà Nẵng, - Thiết kế phần mềm: Tạo ra các thiết kế phần mềm đáp ứng được các yêu cầu kinh doanh của công ty và khách hàng., - Phát triển phần mềm: Lập trình, kiểm thử và triển khai phần mềm để đảm bảo rằng phần mềm được hoạt động đúng cách và đáp ứng được yêu cầu., - Cập nhật phần mềm: Theo dõi và cập nhật phần mềm để đảm bảo rằng phần mềm luôn đáp ứng được các yêu cầu và sửa chữa các lỗi., - Bảo trì phần mềm: Đảm bảo rằng phần mềm luôn hoạt động tốt và giải quyết các vấn đề kỹ thuật trong quá trình sử dụng., - Quản lý mã nguồn: Quản lý và theo dõi mã nguồn phần mềm để đảm bảo rằng mã nguồn được bảo mật và không bị thay đổi một cách trái phép., - Đảm bảo chất lượng: Đảm bảo rằng phần mềm được phát triển đúng tiêu chuẩn chất lượng và đáp ứng được yêu cầu của khách hàng., - Hỗ trợ khách hàng: Cung cấp hỗ trợ kỹ thuật cho khách hàng về việc sử dụng phần mềm và giải quyết các vấn đề kỹ thuật liên quan đến phần mềm., - Đào tạo nhân viên: Đào tạo nhân viên về cách sử dụng phần mềm và các công nghệ mới để đảm bảo rằng họ có đủ kiến thức để sử dụng phần mềm một cách hiệu quả., - Nghiên cứu công nghệ mới: Nghiên cứu và đề xuất các công nghệ mới để cải thiện hiệu suất và hiệu quả của công ty.","- Có kinh nghiệm tối thiểu 02 năm ở vị trí đảm trách liên quan;, - Hiểu biết chuyên sâu về ngôn ngữ lập trình Node JS, Extension Chrome...., - Có khả năng thiết lập đội nhóm làm việc theo mục tiêu;, - Thái độ làm việc chuyên nghiệp"
2733592,"Nhân Viên Kinh Doanh Thức Ăn Gia Súc (Kv: Tiền Giang, Bến Tre, Cần Thơ)",16-12-2023,Cạnh tranh,30 Ngày tới,Công Ty TNHH Uni-President Việt Nam,"Bến Tre, Cần Thơ, Tiền Giang",,Nhân viên toàn thời gian,Nhân viên,Trung cấp,Nam,"Dịch vụ khách hàng, Bán hàng / Kinh doanh","- Liên hệ, tìm kiếm khách hàng., - Xử lý việc đặt hàng, trả hàng., - Phân tích thị trường, lập kế hoạch đặt hàng đạt sản lượng mục tiêu., - Chăm sóc khách hàng hiện tại..., - Và các công việc liên quan, sẽ trao đổi chi tiết trong quá trình phỏng vấn.","- Nam, - Tốt nghiệp từ Trung Cấp trở lên chuyên ngành chăn nuôi thú y. Ưu tiên sinh viên mới ra trường., - Có kinh nghiệm làm việc là một lợi thế."
2733594,Nhân Viên Kinh Doanh Thức Ăn Gia Súc (Kv: Tp. HCM-Long An),16-12-2023,Thương lượng,30 Ngày tới,Công Ty TNHH Uni-President Việt Nam,"Hồ Chí Minh, Long An",Thương lượng,Nhân viên toàn thời gian,Nhân viên,Trung cấp,Nam,"Dịch vụ khách hàng, Bán hàng / Kinh doanh","- Liên hệ, tìm kiếm khách hàng., - Xử lý việc đặt hàng, trả hàng., - Phân tích thị trường, lập kế hoạch đặt hàng đạt sản lượng mục tiêu., - Chăm sóc khách hàng hiện tại..., - Và các công việc liên quan, sẽ trao đổi chi tiết trong quá trình phỏng vấn.","- Nam, - Tốt nghiệp từ Trung Cấp trở lên chuyên ngành chăn nuôi thú y. Ưu tiên sinh viên mới ra trường., - Có kinh nghiệm làm việc là một lợi thế."
2733570,"CỬA HÀNG TRƯỞNG CHEERS (Thủ Đức, TPHCM)",16-12-2023,Cạnh tranh,30 Ngày tới,SAIGON CO.OP - LIÊN HIỆP HỢP TÁC XÃ THƯƠNG MẠI TP.HCM,Hồ Chí Minh,1 - 2 năm kinh nghiệm,Nhân viên toàn thời gian,Quản lý / Trưởng phòng,Trung cấp,Nam / Nữ,"Dịch vụ khách hàng, Bán hàng / Kinh doanh, Bán lẻ / Bán sỉ","- Chịu trách nhiệm trước Ban Giám đốc công ty về hoạt động của cửa hàng., - Quản lý và điều hành toàn bộ hoạt động của cửa hàng mình phụ trách: về nhân sự, hàng hóa, dịch vụ., - Đại diện công ty về mặt pháp lý trong hoạt động của cửa hàng., - Thường xuyên theo dõi tình hình hàng hóa, nắm bắt nhu cầu địa phương, lắng nghe ý kiến khách hàng để cải thiện chất lượng phục vụ khách hàng.","- Trung cấp trở lên, có kinh nghiệm liên quan, - 1 năm kinh nghiệm trở lên ở vị trí tương đương, - Vi tính: Ứng dụng CNTT cơ bản hoặc tương đương, - Ngoại ngữ: Anh văn trình độ A."
2733565,CỬA HÀNG TRƯỞNG CHEERS (CO.OP SMILE QUẬN TÂN BÌNH),16-12-2023,Cạnh tranh,30 Ngày tới,SAIGON CO.OP - LIÊN HIỆP HỢP TÁC XÃ THƯƠNG MẠI TP.HCM,Hồ Chí Minh,1 - 2 năm kinh nghiệm,Nhân viên toàn thời gian,Quản lý / Trưởng phòng,Trung cấp,Nam / Nữ,"Dịch vụ khách hàng, Bán hàng / Kinh doanh, Bán lẻ / Bán sỉ","- Chịu trách nhiệm trước Ban Giám đốc công ty về hoạt động của cửa hàng., - Quản lý và điều hành toàn bộ hoạt động của cửa hàng mình phụ trách: về nhân sự, hàng hóa, dịch vụ., - Đại diện công ty về mặt pháp lý trong hoạt động của cửa hàng., - Thường xuyên theo dõi tình hình hàng hóa, nắm bắt nhu cầu địa phương, lắng nghe ý kiến khách hàng để cải thiện chất lượng phục vụ khách hàng., - Tạo động lực, khuyến khích, giữ chân nhân viên. Hỗ trợ công tác tuyển dụng nhân viên mới.","- Trung cấp trở lên, có kinh nghiệm liên quan, - 1 năm kinh nghiệm trở lên ở vị trí tương đương, - Vi tính: Ứng dụng CNTT cơ bản hoặc tương đương, - Ngoại ngữ: Anh văn trình độ A"
2733129,[ĐÀ NẴNG] NHÂN VIÊN KINH DOANH,15-12-2023,15 triệu - 25 triệu,29 Ngày tới,Việt Tiên Group,Đà Nẵng,2 - 5 năm kinh nghiệm,Nhân viên toàn thời gian,Nhân viên,Cao đẳng,Nam,Bán hàng / Kinh doanh,"- Chăm sóc khách hàng cũ (giới thiệu sản phẩm mới, chương trình khuyến mại, giải đáp thắc mắc...) và chăm sóc khách hàng sau bán hàng., - Tìm kiếm và mở rộng khách hàng mới : tiếp xúc và giới thiệu các sản phẩm của công ty đến các phòng Nha, bệnh viện, đơn vị kinh doanh có nhu cầu;, - Tiếp nhận & tham gia xử lý khiếu nại của khách hàng nhằm đảm bảo các khiếu nại của khách hàng được giải quyết một cách tốt nhất., - Tạo mối quan hệ thân thiện và dài lâu với khách hàng. Hỗ trợ đối với tất cả các khách hàng., - Đi thị trường để phát triển nguồn khách hàng., - Báo cáo tình hình kinh doanh theo định kỳ với quản lý trực tiếp, lập kế hoạch và triển khai kế hoạch kinh doanh., - Các công việc cụ thể khác sẽ được trao đổi thêm tại buổi phỏng vấn.","- Giới tính: Nam. Độ tuổi: 25t - 30t, - Trên 2 năm kinh nghiệm lĩnh vực kinh doanh, - Ngoại hình sáng. Kỹ năng giao tiếp tốt, thuyết phục, tự tin đàm phán với khách hàng., - Có trách nhiệm với công việc được giao., - Đam mê kinh doanh và sáng tạo trong công việc, - Có khả năng làm việc độc lập, làm việc nhóm"
2733144,Nhân viên Kiểm Toán Nội Bộ/ Kiểm Soát Nội Bộ,15-12-2023,Thương lượng,29 Ngày tới,CÔNG TY CỔ PHẦN TẬP ĐOÀN KIM TÍN,Hồ Chí Minh,1 - 2 năm kinh nghiệm,Nhân viên toàn thời gian,Nhân viên,Cao đẳng,Nam / Nữ,"Kế toán / Kiểm toán, Bán hàng / Kinh doanh, Bán lẻ / Bán sỉ","- Thực hiện kiểm toán theo chương trình kế hoạch năm được TGĐ phê duyệt., - Kiểm toán tính tuân thủ xuyên suốt quy trình hoặc tham gia một số công đoạn trong Quy trình của hoạt động sản xuất, kinh doanh. Tham gia đánh giá hiện trường theo các Quy trình, Quy định được ban hành., - Kiểm toán hoạt động: đánh giá tính hiệu quả của 1 hoạt động phòng ban chuyên môn, đề xuất/tư vấn các giải pháp nâng cao tính hiệu quả, hiệu suất đối với đối tượng kiểm toán., - Tham gia nghiên cứu xây dựng hệ thống kiểm soát nội bộ Kim Tín: Đề xuất những ý tưởng, sáng kiến trong việc xây dựng Hệ thống quản lý thông tin, quản trị rủi ro, tăng cường hiệu quả của Phòng và Hệ thống Kim Tín., - Kiểm toán các việc ghi nghiệp vụ phát sinh kinh tế phát sinh phù hợp với chuẩn mực kế toán, các quy định về thuế và pháp luật hiện hành, đảm bảo các thông tin được trình bày trong Báo cáo tài chính trung thực và hợp lý., - Cập nhật các chính sách và văn bản mới nhất của cơ quan nhà nước, tiếp nhận các vấn đề vướng mắc trong quá trình hoạt động sản xuất kinh doanh và đưa ra ý kiến tư vấn để đảm bảo hoạt động sản xuất kinh doanh phù họp với Quy định pháp luật., - Theo dõi các cam kết thực hiện các công việc sau kiểm toán., - Thực hiện các nội dung công việc khác liên quan đến chức năng, nhiệm vụ của kiểm toán nội bộ theo yêu cầu của Trưởng phòng hoặc Chủ tịch Hội đồng quản trị.","- Tốt nghiệp Cao đẳng/ Đại học các chuyên ngành kiểm toán, kế toán..., - Có ít nhất 1 năm kinh nghiệm liên quan, - Nắm vững kiến thức về kế toán, nghiệp vụ quản lý, vận hành doanh nghiệp, - Định hướng nghề nghiệp rõ ràng và có tính gắn bó."
2733142,Sales Logistics,15-12-2023,13 triệu - 15 triệu,29 Ngày tới,CÔNG TY CỔ PHẦN TẬP ĐOÀN KIM TÍN,"Hồ Chí Minh, Hưng Yên",13 triệu - 15 triệu,,Nhân viên toàn thời gian,Nhân viên,Nam / Nữ,"Xuất nhập khẩu / Ngoại thương, Bán hàng / Kinh doanh","- Chăm sóc, duy trì các mối quan hệ với Khách hàng hiện hữu ( 60% khách hàng hiện hữu so với kế hoạch doanh số được giao trước năm tài chính), - Khảo sát, nghiên cứu thị trường Logistics : Giao nhận, vận chuyển, kho bãi, nhà xưởng…. tìm kiếm khách hàng và quản lý data khách hàng có nhu sử dụng dịch vụ, - Tìm kiếm khách hàng mới nhằm tăng doanh số và phát triển thị trường.- Phối hợp cùng bộ phận Kế toán theo dõi, đối chiếu và thu hồi công nợ, - Duy trì chất lượng dịch vụ thông qua việc phối hợp với các bộ phận nghiệp vụ, đảm bảo sự hài lòng của khách hàng., - Phối hợp chặt chẽ với các thành viên khác trong phòng để thực hiện các chiến lược kinh doanh, hoàn thành mục tiêu, kế hoạch đã đặt ra.","- Tốt nghiệp Cao đẳng trở lên các ngành kinh tế, quản trị kinh doanh, logistics, XNK, chuỗi cung ứng....., - Kinh nghiệm 1 năm về mảng Logistics : sales vận chuyển, Sales nhà xưởng kho bãi, Nv quản lý vận hành kho, quản lý chuỗi cung ứng, NV chứng từ thủ tục XNK khai quan, sales cước tàu… có kiến thức cơ bản về Logistics, - Giao tiếp tốt, vui vẻ, nhanh nhẹn, ham học hỏi, có chí cầu tiến- Tin học Văn Phòng : Word, Excel, Powerpoint, Mạng xã hội....., - Tiếng anh hoặc tiếng hoa giao tiếp tốt"
2733403,Trưởng Nhóm Kinh Doanh Sỉ (Ngành hàng thời trang),15-12-2023,Trên 15 triệu,29 Ngày tới,Công Ty Cổ Phần Couple Group,Hồ Chí Minh,2 - 5 năm kinh nghiệm,Nhân viên toàn thời gian,Nhân viên,Cao đẳng,Nam / Nữ,"Bán hàng / Kinh doanh, Bán lẻ / Bán sỉ","- Xây dựng chiến lược phát triển dài hạn cho mạng lưới bán sỉ của ngành thời trang., - Tìm kiếm và xây dựng mối quan hệ với khách hàng để phát triển mạng lưới bán sỉ. Đưa ra các giải pháp tư vấn khách hàng và cung cấp dịch vụ sau bán hàng để đảm bảo sự hài lòng của khách hàng., - Lập, phân bổ và triển khai kế hoạch kinh doanh để đạt mục tiêu., - Nghiên cứu thị trường, phân tích chỉ số kinh doanh, đề xuất chương trình nhằm tăng hiệu quả., - Quản lý, giám sát hoạt động của nhân viên trong bộ phận để đạt hiệu quả kinh doanh., - Làm việc thứ hai đến thứ sáu, 8h00 - 17h00., - Môi trường làm việc năng động, thân thiện, nhiều cơ hội phát triển., - Mức lương cạnh tranh, phù hợp với khả năng và kinh nghiệm., - Thưởng KPIs, đánh giá năng lực & xét lương hàng năm., - Được tham gia đào tạo trong quá trình làm việc., - Tham gia nhiều hoạt động tháng, teambuilding, du lịch hàng năm., - Thưởng vinh danh nhân viên thâm niên., - Thưởng sinh nhật, thăm hỏi các dịp hiếu hỉ., -Tham gia BHXH, chế độ nghỉ phép năm, chế độ phúc lợi khác.","- Tốt nghiệp cao đẳng trở lên ngành nghề kinh doanh, marketing …, - Kinh nghiệm từ 3 năm vị trí tương đương lĩnh vực thời trang, - Am hiểu địa phương vùng Đông Nam Bộ, Tây Nam Bộ., - Kỹ năng hoạch định chiến lược, xây dựng kế hoạch tốt., - Kỹ năng giao tiếp, đàm phán và thương lượng tốt, có mối quan hệ xã hội rộng., - Tinh thần nhiệt huyết, chịu áp lực cao"
2733143,Trưởng phòng kinh doanh dịch vụ Logistics - Công ty nPL,15-12-2023,Cạnh tranh,29 Ngày tới,CÔNG TY CỔ PHẦN TẬP ĐOÀN KIM TÍN,Hồ Chí Minh,2 - 5 năm kinh nghiệm,Nhân viên toàn thời gian,Quản lý / Trưởng phòng,Cao đẳng,Nam / Nữ,Vận chuyển / Giao thông / Kho bãi,"- Thiết lập mối quan hệ với khách hàng sẵn có, khách hàng tiềm năng trong lĩnh vực Logistics: kho bãi, nhà xưởng, quản lý vận hành kho, giao nhân vận chuyển, chuỗi cung ứng…. và mở rộng thị trường mục tiêu., - Xây dựng, tổ chức triển khai thực hiện kế hoạch kinh doanh, đưa ra chiến lượt khai thác tìm kiếm khách hàng., - Phát triển và tối ưu hóa các dịch vụ Logistics, kiểm soát các hạng mục chi phí trong hoạt động kinh doanh của phòng ., - Lập kế hoạch, giám sát các dịch vụ hậu cần như quản lý kho, giao nhận vận tải…. Để đem lại dịch vụ tối ưu cho khách hàng sử dụng dịch vụ kho bãi ., - Đề xuất xây dựng và cập nhật quy trình điều phối của hệ thống Logistics để đảm bảo vận hành ổn định và hiệu quả., - Duy trì chất lượng dịch vụ thông qua việc phối hợp với các bộ phận nghiệp vụ, đảm bảo sự hài lòng của khách hàng., - Tham mưu cho Ban lãnh đạo về chiến lược, kế hoạch và phương án hoạt động kinh doanh., - Tổng hợp, phân tích, đánh giá số liệu, tập hợp thông tin từ thị trường để đề xuất các chiến lược kinh doanh phù hợp cho từng giai đoạn., - Phân tích dữ liệu thiết lập báo cáo định kỳ, báo cáo phát sinh, - Phối hợp chặt chẽ với các thành viên trong Công ty để thực hiện các chiến lược kinh doanh, hoàn thành mục tiêu, kế hoạch đã đặt ra.","- Nam/nữ tuổi từ 27-40, - Tốt nghiệp cao đẳng trở lên các ngành Logistics, Quản lý chuỗi cung ứng, kinh tế, Thương mại, Quản trị kinh doanh ......, - Có Kinh nghiệm quản lý một trong những ngành sau: sales dịch vụ kho bãi, logistics, chuỗi cung ứng, bất động sản công nghiệp, cước tàu, kinh doanh dịch vụ vận hành và quản lý kho bãi, quản lý phân phối, chuyển fax nhanh..., - Hiểu biết nắm bắt về ngành Warehousing, E-logistic , supply chain , 3PL, - Tiếng anh hoặc tiếng hoa giao tiếp tốt, - Thành thạo vi tính văn phòng, am hiểu về marketing, mạng xã hội, - Có khả năng tổ chức, quản lý, điều hành, - Có kỹ năng phân tích, giải quyết vấn đề, đàm phán, thương lượng, - Giao tiếp tốt, năng động, khả năng thích nghi tốt và có tính cam kết cao"
2733145,Nhân Viên Bán Hàng Showroom,15-12-2023,Thương lượng,29 Ngày tới,CÔNG TY CỔ PHẦN TẬP ĐOÀN KIM TÍN,Hồ Chí Minh,1 - 2 năm kinh nghiệm,Nhân viên toàn thời gian,Nhân viên,Trung học phổ thông,Nam / Nữ,"Bán hàng / Kinh doanh, Bán lẻ / Bán sỉ","- Trực lễ tân tại Showroom, tư vấn, quảng bá và giới thiệu sản phẩm, dịch vụ đến khách hàng., - Cung cấp đầy đủ catalogue mẫu mã cho khách hàng., - Nắm vững thông tin từng khách hàng, đặc điểm và thị hiếu của khách hàng., - Hỗ trợ nhập hàng, lưu kho hàng hoá, sắp xếp hàng hóa trong kho, showroom., - Tìm hiểu về thị trường, sản phẩm của công ty đối thủ., - Các công việc khác theo sự phân công của cấp quản lý.","- Có kinh nghiệm 1 - 2 năm kinh nghiệm tương đương., - Tốt nghiệp Trung học trở lên., - Ưu tiên ứng viên có kinh nghiệm ngành liên quan: kinh doanh sản phẩm gỗ, vật liệu hàn, vật tư, tôn, sắt thép, VLXD, Nhựa, Nhôm kính, Nội/ Ngoại thất..., - Kỹ năng giao tiếp tốt, kỹ năng bán hàng., - Kỹ năng tổ chức, sắp xếp hàng hóa, lưu kho."
2724515,Nhân Viên Kế Toán Công Trường (Long An),02-12-2023,10 triệu - 12 triệu,16 Ngày tới,Công Ty Cổ Phần Xây Dựng Và Thương Mại Việt Hoa,Long An,1 - 2 năm kinh nghiệm,Nhân viên toàn thời gian,Nhân viên,Cao đẳng,Nam / Nữ,"Kế toán / Kiểm toán, Xây dựng","- Kiểm tra theo dõi tình hình xuất nhập vật tư, kiểm kê kho theo quy định;, - Theo dõi nhân công của từng tổ;, - Chấm công, cơm, làm lương cho CBCNV;, - Theo dõi công nợ tại công trình và hàng ngày gửi về đối chiếu với kế toán công nợ tại Văn phòng;, - Lưu trữ dữ liệu kế toán theo quy định;, - Theo dõi thu chi tiền mặt tại công trình và hàng tháng đối chiếu với Thủ quỹ., - Các công việc khác theo sự chỉ đạo của cấp trên., - Hỗ trợ chỗ ở, Chế độ BHXH, BHYT, BHTN,... theo quy định của công ty, - Môi trường làm việc trẻ, năng động, tạo điều kiện để phát triển, - Mức lương: 10 triệu – 12 triệu, huyện Cần Giuộc – Long An","- Nam, Nữ, - Tốt nghiệp từ Cao đẳng trở lên chuyên ngành kinh tế, kế toán, - Có kinh nghiệm ít nhất 01 năm ở vị trí trên"
2732551,Chuyên Viên Tác Nghiệp Kinh Doanh (Mảng Xử Lý Đơn Hàng),15-12-2023,12 triệu - 14 triệu,29 Ngày tới,Công Ty CP Chuỗi Thực Phẩm TH,Hồ Chí Minh,2 - 5 năm kinh nghiệm,Nhân viên toàn thời gian,Nhân viên,Cao đẳng,Nam / Nữ,"Thư ký / Hành chánh, Bán hàng / Kinh doanh, Bán lẻ / Bán sỉ","- Cung cấp dịch vụ xuyên suốt từ khi nhận đơn hàng đến khi hoàn tất giao hàng/, - Theo dõi, điều phối hàng hóa các kênh/kho, - Quản trị dữ liệu đơn hàng, liên tục cải tiến phương pháp xử lý đơn hàng và dịch vụ khách hàng/, - Các nhiệm vụ khác theo yêu cầu của quản lý.","- Tốt nghiệp Đại học chuyên ngành liên quan., - Ưu tiên ứng viên có ít nhất 2 năm kinh nghiệm làm việc ở vị trí tương đương., - Khả năng điều phối công việc, - Kỹ năng lập kế hoạch và triển khai, - Thành thạo tin học văn phòng, - Cẩn thận, nhiệt tình, chăm chỉ, chịu được áp lực"
2732253,Nhân Viên Hành Chính Nhân Sự,14-12-2023,7 triệu - 9 triệu,28 Ngày tới,CÔNG TY TNHH VISARIM ORUME,Đồng Nai,1 - 2 năm kinh nghiệm,Nhân viên toàn thời gian,Nhân viên,Cử nhân,Nam / Nữ,"Thư ký / Hành chánh, Nhân sự","- Công việc hành chính tổng hợp (quản lý xe, quản lý cơ sở vật chất, quản lý chất thải), - Quản lý hồ sơ, lý lịch của CNV toàn Công ty: lưu hồ sơ CNV trong file theo bộ phận. Lập danh sách CNV Công ty theo biểu mẫu, cập nhật định kỳ hàng tháng., - Chuẩn bị và làm các thủ tục giấy tờ như Visa, GPLĐ, Thẻ tạm trú cho người nước ngoài., - Quản lý hồ sơ CNV nghỉ việc: tất cả CNV nghỉ việc được lưu theo thứ tự thời gian, CNV nghỉ việc rút lại hồ sơ thì phải photo lưu hồ sơ, - Quản lý việc đào tạo của công ty: lập kế hoạch, chương trình đào tạo, liên hệ cơ sở đào tạo, làm thủ tục cho CNV đi đào tạo, lưu bằng cấp – chứng chỉ đào tạo của CNV, đánh giá kết quả đào tạo, lưu hồ sơ đào tạo., - Quản lý và phân phát các biểu mẫu liên quan đến hành chánh nhân sự, - Tiếp nhận các loại công văn vào sổ công văn đến. Phân loại và chuyển công văn, giấy tờ cho nhân viên giao nhận (hoặc tự chuyển) đến các bộ phận liên quan., - Lập lịch họp, theo dõi, tổ chức chuẩn bị cho cuộc họp của công ty., - -Thực hiện các công việc khác do cấp trên phân công., - Lương tháng 13, thưởng nhân dịp Lễ Tết và các sự kiện đặc biệt của Công ty, - Được đào tạo nội bộ , ngoại bộ thường xuyên cho những cá nhân tiêu biểu, - Đảm bảo theo chế độ qui định của nhà nước: BHXH, BHYT, BHTN, - Ngày nghỉ: Được nghỉ tất cả các ngày nghỉ theo chế độ nhà nước như nghỉ Lễ/nghỉ Tết Nguyên Đán, - Hỗ trợ ăn trưa, - Có thể nhận thêm phụ cấp cho nhân viên có chứng chỉ ngoại ngữ TOPIK, TOEIC, IELTS, - Thời gian làm việc 07:00 - 16:00, 6 ngày/tuần","- Tốt nghiệp ĐH tất cả các chuyên ngành liên quan Kinh tế (Nhân sự / QTKD / Kế toán / Ngoại ngữ / ....), - Sử dụng thành thạo máy tính, microsoft office., - Giao tiếp tốt, trung thực, có khả năng xử lý tình huống., - Chấp nhận ứng viên mới tốt nghiệp nhưng có tinh thần học hỏi không ngừng, - Có kỹ năng văn phòng tốt, sử dụng thành thạo các công cụ Microsoft Office., - Giao tiếp Tiếng Anh cơ bản và đã có kinh nghiệm là một lợi thế."
2732550,Chuyên Viên Kinh Doanh_Mảng Phân Bón,15-12-2023,10 triệu - 15 triệu,29 Ngày tới,Công Ty CP Chuỗi Thực Phẩm TH,"Hồ Chí Minh, Hà Nội",10 triệu - 15 triệu,20092023,Nhân viên toàn thời gian,Nhân viên,Nam / Nữ,"Nông nghiệp / Lâm nghiệp, Dược / Sinh học, Bán lẻ / Bán sỉ","- Xác định, đánh giá và phân loại khách hàng trong từng giai đoạn;, - Xây dựng các mục tiêu kinh doanh hàng tháng hoặc theo mùa vụ (doanh thu, sản lượng, độ phủ thụ trường....) cho từng khu vực phụ trách;, - Chịu trách nhiệm bán hàng tại địa bàn được phân công:, + Tìm kiếm và phát triển các đại lý/ khách hàng mới để đạt được mục tiêu kinh doanh và doanh số bán hàng., + Gặp gỡ, tiếp thị sản phẩm, tư vấn kỹ thuật sử dụng sản phẩm và kỹ thuật chăm sóc cây trồng., - Theo dõi tiến triển của hoạt động bán hàng: khối lượng bán hàng, đơn hàng, quá trình giao hàng;, - Thực hiện các báo cáo hàng tháng theo quy định;, - Giám sát và đảm bảo sự vận hành của hệ thống Nhà Phân Phối theo quy định hợp đồng phân phối ( kho bãi, tồn kho, giao hàng, vận hành, trang thiết bị, hệ thống báo cáo…);, - Quản lý danh sách khách hàng, xây dựng, phát triển và duy trì mối quan hệ lâu dài với khách hàng, đặc biệt với những khách hàng chiến lược giúp tăng trưởng kinh doanh có lợi nhuận;, - Giải quyết các khiếu nại phát sinh tại thị trường;, - Tìm hiểu, phân tích và đánh giá các sản phẩm công ty cùng ngành, thị trường, cơ hội và thách thức để có thể đề xuất các giải pháp bán hàng và hỗ trợ phù hợp;, - Các nhiệm vụ khác theo yêu cầu của quản lý.","- Tốt nghiệp Cao đẳng/ đại học trở lên các chuyên ngành Nông nghiệp, Công nghệ sinh học, Bảo vệ thực vật, Nông học, Kinh tế, QTKD. Ưu tiên hiểu biết về phân bón, cây cảnh;, - Có ít nhất 2 năm kinh nghiệm làm Giám sát/ Chuyên viên kinh doanh phân bón, hạt giống, thuốc trừ sâu;, - Kinh nghiệm về bán hàng Phân bón Hữu Cơ là lợi thế;, - Am hiểu về thị trường phân bón nông nghiệp;, - Kỹ năng giao tiếp và thuyết phục khách hàng;, - Kỹ năng phân tích, lập kế hoạch;, - Khả năng làm việc độc lập tại khu vực nhận việc;, - Có mối quan hệ tốt với khách hàng trên địa bàn làm việc."
2732153,[PHÚ THỌ] Chuyên Viên Kinh Doanh Bảo Hiểm - Kênh Liên Kết Ngân Hàng Vietinbank,14-12-2023,Cạnh tranh,28 Ngày tới,CÔNG TY TNHH MANULIFE (VIỆT NAM),Phú Thọ,0 - 1 năm kinh nghiệm,LPT123,Nhân viên toàn thời gian,Nhân viên,Nam / Nữ,"Ngân hàng / Chứng khoán, Bảo hiểm, Tài chính / Đầu tư","- Là đại diện của Công ty BHNT Manulife Vietnam, có cơ hội làm việc với đối tác Ngân hàng VietinBank trên toàn quốc., - Độc quyền khai thác nguồn khách hàng tiềm năng do Ngân hàng VietinBank giới thiệu để tư vấn về kế hoạch tài chính, giải pháp và các chương trình bảo hiểm Manulife và chịu trách nhiệm về việc đảm bảo tính bảo mật thông tin đối với nguồn KH này., - Xây dựng và duy trì mối quan hệ, hỗ trợ cán bộ nhân viên Ngân hàng, phối hợp tổ chức các sự kiện thúc đẩy doanh số bảo hiểm tại đơn vị, - Hỗ trợ, hướng dẫn và chăm sóc khách hàng chu đáo., - Địa điểm: Sẽ được bố trí tương tác công việc tại các chi nhánh hoặc phòng giao dịch phù hợp với nơi ở của ứng viên., - Thời gian: 8AM – 5PM, Thứ 2 – Thứ 6, - Được làm việc với đối tác Ngân hàng VietinBank - Top 4 Ngân hàng TMCP lớn nhất Việt Nam với mạng lưới hoạt động trên 150 chi nhánh, 1.000 phòng giao dịch toàn quốc., - Thu nhập không giới hạn, bao gồm:, + Lương cố định hàng tháng: 5.000.000 - 7.000.000 - 9.000.000 VNĐ (tùy theo năng lực), + Phụ cấp điện thoại hàng tháng: 350.000 VNĐ, + Thưởng hoa hồng hấp dẫn & không giới hạn theo doanh số + các khoản thưởng tháng/ quý/năm + thưởng hoa hồng năm 2 + thưởng nóng các chương trình thi đua hàng tháng, - Bảo hiểm sức khỏe Aon sau 2 tháng thử việc & hưởng trợ cấp thai sản, - Cơ hội được thăng tiến lên các vị trí chuyên viên tư vấn cấp cao (IS – PIS) và các vị trí quản lí (SM - RH), xét thăng tiến 3 tháng/lần dựa trên kết quả công việc, - Được tham gia các khóa đào tạo, huấn luyện chuyên sâu về sản phẩm bảo hiểm, nghiệp vụ tư vấn, kỹ năng mềm nâng cao., - Cơ hội đi du lịch, hội nghị trong và ngoài nước khi đạt doanh số (Anh, Pháp, Mỹ, Nhật, Singapore, Dubai, Úc, …), - Được hưởng các chương trình ưu tiên dành cho Tư vấn viên xuất sắc","- Nam/Nữ, tuổi từ 20-35, - Tốt nghiệp Cao đẳng trở lên, - Tối thiểu 6 tháng kinh nghiệm tư vấn/sales các ngành nghề. Ứng viên có kinh nghiệm trong các lĩnh vực Bảo hiểm, Tài chính – Ngân hàng, là một lợi thế, - Kỹ năng giao tiếp và đàm phán, - Kỹ năng tư vấn & chăm sóc khách hàng, - Kỹ năng xây dựng mối quan hệ, - Tác phong chuyên nghiệp, tinh thần học hỏi và trách nhiệm trong công việc."
2726630,Bác Sĩ Sản Phụ Khoa - Cơ Hữu,06-12-2023,Thương lượng,20 Ngày tới,CÔNG TY TNHH BỆNH VIỆN ĐA KHOA TÂM TRÍ SÀI GÒN,Hồ Chí Minh,Hơn 10 năm kinh nghiệm,Nhân viên toàn thời gian,Nhân viên,Cử nhân,Nam / Nữ,Chăm sóc sức khỏe / Y tế,"- Thực hiện khám, tư vấn và điều trị bệnh; tham gia hội chẩn khi cần;, - Tham gia trực gác theo lịch phân công của khoa/Bệnh viện;, - Hỗ trợ các công việc liên quan theo chuyên môn;, - Chi tiết công việc sẽ được trao đổi cụ thể hơn khi phỏng vấn., - Lương thoả thuận tùy khả năng thực hiện công việc, sẽ được thông báo ngay sau khi phỏng vấn., - Phụ cấp trực , tăng ca theo quy định của công ty, - Được hỗ trợ cơm trưa/chiều tại căn tin., - Hưởng chế độ sinh nhật nhân viên hàng tháng, được khám sức khoẻ định định kỳ và tham gia các hoạt động du lịch, team building hàng năm theo quy chế của công ty., - Được tham gia BHXH, BHYT, BHTN theo quy định hiện hành của Nhà nước., - Được tham gia các lớp đào tạo, nâng cao nghiệp vụ thường xuyên., - Làm việc trong môi trường năng động, chuyên nghiệp có nhiều cơ hội thăng tiến","- Có chứng chỉ hành nghề., - Kinh nghiệm tối thiểu 10 năm, CKI trở lên, - Cẩn thận, chịu được áp lực công việc, - Trực theo lịch được phân bổ."
2726850,Nhân Viên Điều Dưỡng Dụng Cụ - Phòng Mổ,06-12-2023,Thương lượng,20 Ngày tới,CÔNG TY TNHH BỆNH VIỆN ĐA KHOA TÂM TRÍ SÀI GÒN,Hồ Chí Minh,1 - 2 năm kinh nghiệm,Nhân viên toàn thời gian,Nhân viên,Trung cấp,Nam / Nữ,Chăm sóc sức khỏe / Y tế,"- Chuẩn bị dụng cụ phẫu thuật, tiếp y cụ cho phẫu thuật viên phụ phẫu thuật viên trong ca mổ., - Xử lý dụng cụ, sắp xếp khử khuẩn dụng cụ, hiểu biết quy trình phòng mổ., - Quản lý & bảo quản trang thiết bị, dụng cụ phòng mổ., - Kiểm tra môi trường phòng mổ., - Vệ sinh khu vực phòng mổ, cấy trùng không khí phòng mổ. Biết được các vật tư tiêu hao trong phòng mổ & mỗi ca mổ. Tham gia thường trực theo sự phân công của điều dưỡng trưởng khoa, - Được tham gia đầy đủ các chế độ BHXH, BHYT, BHTN, - Phụ cấp cơm, - Phụ cấp trực, - Sinh nhật nhân viên tháng, khám sức khỏe định kỳ, - Môi trường làm việc thân thiện, năng động.","- Tốt nghiệp chuyên ngành điều dưỡng;, - Có chứng chỉ hành nghề (bắt buộc), - Ưu tiên ứng viên có kinh nghiệm, - Trực theo lịch được phân bổ."
2726629,Bác Sĩ Chuyên Khoa Mắt - Cơ Hữu,06-12-2023,Cạnh tranh,20 Ngày tới,CÔNG TY TNHH BỆNH VIỆN ĐA KHOA TÂM TRÍ SÀI GÒN,Hồ Chí Minh,2 - 5 năm kinh nghiệm,Nhân viên toàn thời gian,Nhân viên,Chứng chỉ,Nam / Nữ,Chăm sóc sức khỏe / Y tế,"- Thực hiện khám, tư vấn và điều trị bệnh; tham gia hội chẩn khi cần, - Tham gia trực gác theo lịch phân công của khoa/Bệnh viện, - Hỗ trợ các công việc liên quan theo chuyên môn, - Chi tiết công việc sẽ được trao đổi cụ thể hơn khi phỏng vấn, - Lương thoả thuận tùy khả năng thực hiện công việc, sẽ được thông báo ngay sau khi phỏng vấn., - Phụ cấp trực , tăng ca theo quy định của công ty, - Được hỗ trợ cơm trưa/chiều tại căn tin., - Hưởng chế độ sinh nhật nhân viên hàng tháng, được khám sức khoẻ định định kỳ và tham gia các hoạt động du lịch, team building hàng năm theo quy chế của công ty., - Được tham gia BHXH, BHYT, BHTN theo quy định hiện hành của Nhà nước., - Được tham gia các lớp đào tạo, nâng cao nghiệp vụ thường xuyên., - Làm việc trong môi trường năng động, chuyên nghiệp có nhiều cơ hội thăng tiến","- Có chứng chỉ hành nghề., - Ưu tiên có kinh nghiệm từ 2-3 năm trở lên, - Cẩn thận, chịu được áp lực công việc"
2732155,"VietinBank [Quận 5, Quận 10] Chuyên Viên Tư Vấn Bảo Hiểm - Kênh Bancassurance Ngân Hàng",14-12-2023,10 triệu - 20 triệu,28 Ngày tới,CÔNG TY TNHH MANULIFE (VIỆT NAM),Hồ Chí Minh,0 - 1 năm kinh nghiệm,NTTHVTB,Nhân viên toàn thời gian,Nhân viên,Nam / Nữ,"Ngân hàng / Chứng khoán, Bảo hiểm, Bán hàng / Kinh doanh","- Đại diện của Công ty BHNT Manulife Vietnam, làm việc tại Ngân hàng VietinBank, - Độc quyền khai thác nguồn khách hàng tiềm năng do Ngân hàng VietinBank giới thiệu để tư vấn về kế hoạch tài chính, giải pháp và các chương trình bảo hiểm Manulife và chịu trách nhiệm về việc đảm bảo tính bảo mật thông tin đối với nguồn KH này., - Xây dựng và duy trì mối quan hệ, hỗ trợ cán bộ nhân viên Ngân hàng, phối hợp tổ chức các sự kiện thúc đẩy doanh số bảo hiểm tại đơn vị, - Hỗ trợ, hướng dẫn và chăm sóc khách hàng chu đáo., - Địa điểm:, - Thời gian: 8AM – 5PM, Thứ 2 – Thứ 6, - Được làm việc với đối tác Ngân hàng VietinBank - Top 4 Ngân hàng TMCP lớn nhất Việt Nam với mạng lưới hoạt động trên 150 chi nhánh, 1.000 phòng giao dịch toàn quốc., - Thu nhập không giới hạn, bao gồm:, thưởng tháng/ quý/năm + thưởng hoa hồng năm 2 + thưởng nóng các chương trình thi đua hàng tháng, - Bảo hiểm sức khỏe Aon sau 2 tháng thử việc & hưởng trợ cấp thai sản, - Cơ hội được thăng tiến lên các vị trí chuyên viên tư vấn cấp cao (IS – PIS) và các vị trí quản lí (SM - RH), xét thăng tiến 3 tháng/lần dựa trên kết quả công việc, - Được tham gia các khóa đào tạo, huấn luyện chuyên sâu về sản phẩm bảo hiểm, nghiệp vụ tư vấn, kỹ năng mềm nâng cao., - Cơ hội đi du lịch, hội nghị trong và ngoài nước khi đạt doanh số (Anh, Pháp, Mỹ, Nhật, Singapore, Dubai, Úc, …), - Được hưởng các chương trình ưu tiên dành cho Tư vấn viên xuất sắc.","- Nam/Nữ, tuổi từ 20-35, - Tốt nghiệp Cao đẳng trở lên, - Tối thiểu 6 tháng kinh nghiệm tư vấn/sales các ngành nghề. Ứng viên có kinh nghiệm trong các lĩnh vực Bảo hiểm, Tài chính – Ngân hàng, là một lợi thế, - Kỹ năng giao tiếp và đàm phán, - Kỹ năng tư vấn & chăm sóc khách hàng, - Kỹ năng xây dựng mối quan hệ, - Tác phong chuyên nghiệp, tinh thần học hỏi và trách nhiệm trong công việc."
2732160,[Long Thành] Chuyên Viên Tư Vấn Tài Chính - Kênh Liên Doanh Ngân Hàng BIDV,14-12-2023,Cạnh tranh,28 Ngày tới,CÔNG TY TNHH BẢO HIỂM NHÂN THỌ BIDV METLIFE,Đồng Nai,1 - 2 năm kinh nghiệm,Nhân viên toàn thời gian,Nhân viên,Cử nhân,Nam / Nữ,"Ngân hàng / Chứng khoán, Tư vấn, Tài chính / Đầu tư","- Làm việc trực tiếp tại Chi nhánh Ngân hàng hàng đầu Việt Nam, xây dựng mối quan hệ và hỗ trợ nhân viên Ngân hàng và Chi nhánh trong các hoạt động kinh doanh, - Được hỗ trợ nguồn khách hàng từ nhân viên ngân hàng, - Hỗ trợ nhân viên Ngân hàng giới thiệu, tư vấn cho khách hàng về kế hoạch tài chính, giải pháp và chương trình Bảo hiểm, - Tham gia xây dựng kế hoạch kinh doanh theo từng giai đoạn; định kỳ báo cáo và cập nhật kết quả kinh doanh đến Quản lý kinh doanh trực tiếp., - Trao đổi trực tiếp khi phỏng vấn, - Chế độ lương và phúc lợi: LƯƠNG CỐ ĐỊNH + hoa hồng + thưởng, - Chính sách hoa hồng hấp dẫn, cạnh tranh, - Các khoản thưởng hiệu quả kinh doanh vượt trội định kì (tháng, quý, năm) và thưởng “nóng” nếu đạt thành tích xuất sắc, - Được tham gia các chương trình thi đua đi Mỹ, Du Bai, Nam Phi, Đài Loan,…, - Cấp Ipad trong thời gian bắt đầu công việc tại công ty, + Huấn luyện kỹ năng và nghiệp vụ chuyên sâu, + Phát triển nghề nghiệp: lộ trình thăng tiến rõ ràng và cụ thể đến các vị trí quản lí cấp cao., + Chương trình tôn vinh: cơ hội tham gia nhiều chương trình thi đua khen thưởng với nhiều chương trình huấn luyện đặc biệt và các chuyến du lịch hấp dẫn","- Trình độ: Đại học, - Kinh nghiệm: Ít nhất 1 năm trong lãnh vực Sales. Có kinh nghiệm trong lãnh vực Ngân hàng/ Tài chính/ Bảo hiểm là một lợi thế, - Tác phong: chuyên nghiệp, nhanh nhẹn, - Kỹ năng: giao tiếp và đàm phán, chăm sóc khách hàng tốt"
2732163,[Tuyên Quang] Chuyên Viên Tư Vấn Tài Chính - Kênh Liên Doanh Ngân Hàng BIDV,14-12-2023,Cạnh tranh,28 Ngày tới,CÔNG TY TNHH BẢO HIỂM NHÂN THỌ BIDV METLIFE,Tuyên Quang,1 - 2 năm kinh nghiệm,Nhân viên toàn thời gian,Nhân viên,Cao đẳng,Nam / Nữ,"Ngân hàng / Chứng khoán, Bảo hiểm, Tài chính / Đầu tư","- Làm việc trực tiếp tại Chi nhánh Ngân hàng hàng đầu Việt Nam, xây dựng mối quan hệ và hỗ trợ nhân viên Ngân hàng và Chi nhánh trong các hoạt động kinh doanh, - Được hỗ trợ nguồn khách hàng từ nhân viên ngân hàng, - Hỗ trợ nhân viên Ngân hàng giới thiệu, tư vấn cho khách hàng về kế hoạch tài chính, giải pháp và chương trình Bảo hiểm, - Tham gia xây dựng kế hoạch kinh doanh theo từng giai đoạn; định kỳ báo cáo và cập nhật kết quả kinh doanh đến Quản lý kinh doanh trực tiếp., - Trao đổi trực tiếp khi phỏng vấn, * Chế độ lương và phúc lợi: LƯƠNG CỐ ĐỊNH + hoa hồng + thưởng, - Chính sách hoa hồng hấp dẫn, cạnh tranh, - Các khoản thưởng hiệu quả kinh doanh vượt trội định kì (tháng, quý, năm) và thưởng “nóng” nếu đạt thành tích xuất sắc, - Được tham gia các chương trình thi đua đi Mỹ, Du Bai, Nam Phi, Đài Loan,…, - Cấp Ipad trong thời gian bắt đầu công việc tại công ty, + Huấn luyện kỹ năng và nghiệp vụ chuyên sâu, + Phát triển nghề nghiệp: lộ trình thăng tiến rõ ràng và cụ thể đến các vị trí quản lí cấp cao., + Chương trình tôn vinh: cơ hội tham gia nhiều chương trình thi đua khen thưởng với nhiều chương trình huấn luyện đặc biệt và các chuyến du lịch hấp dẫn","- Trình độ: Cao đẳng / Đại học, - Kinh nghiệm: Ít nhất 1 năm trong lãnh vực Sales. Có kinh nghiệm trong lãnh vực Ngân hàng/ Tài chính/ Bảo hiểm là một lợi thế, - Tác phong: chuyên nghiệp, nhanh nhẹn, - Kỹ năng: giao tiếp và đàm phán, chăm sóc khách hàng tốt"
